"CUSTOMER_ID","CUST_FIRST_NAME","CUST_LAST_NAME","STREET_ADDRESS","POSTAL_CODE","CITY","STATE_PROVINCE","COUNTRY_ID","PHONE_NUMBER","NLS_LANGUAGE","NLS_TERRITORY","CREDIT_LIMIT","CUST_EMAIL","ACCOUNT_MGR_ID"
"101","Constantin","Welles","514 W Superior St","46901","Kokomo","IN","US","+1 317 123 4104","us","AMERICA","100","Constantin.Welles@ANHINGA.COM","145"
"102","Harrison","Pacino","2515 Bloyd Ave","46218","Indianapolis","IN","US","+1 317 123 4111","us","AMERICA","100","Harrison.Pacino@ANI.COM","145"
"103","Manisha","Taylor","8768 N State Rd 37","47404","Bloomington","IN","US","+1 812 123 4115","us","AMERICA","100","Manisha.Taylor@AUKLET.COM","145"
"104","Harrison","Sutherland","6445 Bay Harbor Ln","46254","Indianapolis","IN","US","+1 317 123 4126","us","AMERICA","100","Harrison.Sutherland@GODWIT.COM","145"
"105","Matthias","MacGraw","4019 W 3Rd St","47404","Bloomington","IN","US","+1 812 123 4129","us","AMERICA","100","Matthias.MacGraw@GOLDENEYE.COM","145"
"106","Matthias","Hannah","1608 Portage Ave","46616","South Bend","IN","US","+1 219 123 4136","us","AMERICA","100","Matthias.Hannah@GREBE.COM","145"
"107","Matthias","Cruise","23943 Us Highway 33","46517","Elkhart","IN","US","+1 219 123 4138","us","AMERICA","100","Matthias.Cruise@GROSBEAK.COM","145"
"108","Meenakshi","Mason","136 E Market St # 800","46204","Indianapolis","IN","US","+1 317 123 4141","us","AMERICA","100","Meenakshi.Mason@JACANA.COM","145"
"109","Christian","Cage","1905 College St","46628","South Bend","IN","US","+1 219 123 4142","us","AMERICA","100","Christian.Cage@KINGLET.COM","145"
"110","Charlie","Sutherland","3512 Rockville Rd # 137C","46222","Indianapolis","IN","US","+1 317 123 4146","us","AMERICA","200","Charlie.Sutherland@LIMPKIN.COM","145"
"111","Charlie","Pacino","1303 E University St","47401","Bloomington","IN","US","+1 812 123 4150","us","AMERICA","200","Charlie.Pacino@LONGSPUR.COM","145"
"112","Guillaume","Jackson","115 N Weinbach Ave","47711","Evansville","IN","US","+1 812 123 4151","us","AMERICA","200","Guillaume.Jackson@MOORHEN.COM","145"
"113","Daniel","Costner","2067 Rollett Ln","47712","Evansville","IN","US","+1 812 123 4153","us","AMERICA","200","Daniel.Costner@PARULA.COM","145"
"114","Dianne","Derek","1105 E Allendale Dr","47401","Bloomington","IN","US","+1 812 123 4157","us","AMERICA","200","Dianne.Derek@SAW-WHET.COM","145"
"115","Geraldine","Schneider","18305 Van Dyke St","48234","Detroit","MI","US","+1 313 123 4159","us","AMERICA","200","Geraldine.Schneider@SCAUP.COM","145"
"116","Geraldine","Martin","Lucas Dr Bldg 348","48242","Detroit","MI","US","+1 313 123 4160","us","AMERICA","200","Geraldine.Martin@SCOTER.COM","145"
"117","Guillaume","Edwards","1801 Monroe Ave Nw","49505","Grand Rapids","MI","US","+1 616 123 4162","us","AMERICA","200","Guillaume.Edwards@SHRIKE.COM","145"
"118","Maurice","Mahoney","4925 Kendrick St Se","49512","Grand Rapids","MI","US","+1 616 123 4181","us","AMERICA","200","Maurice.Mahoney@SNIPE.COM","145"
"119","Maurice","Hasan","3310 Dixie Ct","48601","Saginaw","MI","US","+1 517 123 4191","us","AMERICA","200","Maurice.Hasan@STILT.COM","145"
"120","Diane","Higgins","113 Washington Sq N","48933","Lansing","MI","US","+1 517 123 4199","us","AMERICA","200","Diane.Higgins@TANAGER.COM","145"
"121","Dianne","Sen","2500 S Pennsylvania Ave","48910","Lansing","MI","US","+1 517 123 4201","us","AMERICA","200","Dianne.Sen@TATTLER.COM","145"
"122","Maurice","Daltrey","3213 S Cedar St","48910","Lansing","MI","US","+1 517 123 4206","us","AMERICA","200","Maurice.Daltrey@TEAL.COM","145"
"123","Elizabeth","Brown","8110 Jackson Rd","48103","Ann Arbor","MI","US","+1 313 123 4219","us","AMERICA","200","Elizabeth.Brown@THRASHER.COM","145"
"124","Diane","Mason","6654 W Lafayette St","48226","Detroit","MI","US","+1 313 123 4222","us","AMERICA","200","Diane.Mason@TROGON.COM","145"
"125","Dianne","Andrews","27 Benton Rd","48602","Saginaw","MI","US","+1 517 123 4225","us","AMERICA","200","Dianne.Andrews@TURNSTONE.COM","145"
"126","Charles","Field","8201 Livernois Ave","48204","Detroit","MI","US","+1 313 123 4226","us","AMERICA","300","Charles.Field@BECARD.COM","145"
"127","Charles","Broderick","101 N Falahee Rd","49203","Jackson","MI","US","+1 517 123 4228","us","AMERICA","300","Charles.Broderick@BITTERN.COM","145"
"128","Isabella","Reed","3100 E Eisenhower Pky # 100","48108","Ann Arbor","MI","US","+1 313 123 4230","us","AMERICA","300","Isabella.Reed@BRANT.COM","145"
"129","Louis","Jackson","952 Vassar Dr","49001","Kalamazoo","MI","US","+1 616 123 4234","us","AMERICA","400","Louis.Jackson@CARACARA.COM","145"
"130","Louis","Edwards","150 W Jefferson Ave # 2500","48226","Detroit","MI","US","+1 313 123 4242","us","AMERICA","400","Louis.Edwards@CHACHALACA.COM","145"
"131","Doris","Dutt","40 Pearl St Nw # 1020","49503","Grand Rapids","MI","US","+1 616 123 4245","us","AMERICA","400","Doris.Dutt@CHUKAR.COM","145"
"132","Doris","Spacek","1135 Catherine St","48109","Ann Arbor","MI","US","+1 313 123 4248","us","AMERICA","400","Doris.Spacek@FLICKER.COM","145"
"133","Kristin","Malden","301 E Genesee Ave","48607","Saginaw","MI","US","+1 517 123 4253","us","AMERICA","400","Kristin.Malden@GODWIT.COM","145"
"134","Sissy","Puri","9936 Dexter Ave","48206","Detroit","MI","US","+1 313 123 4255","us","AMERICA","400","Sissy.Puri@GREBE.COM","145"
"135","Doris","Bel Geddes","1660 University Ter","48104","Ann Arbor","MI","US","+1 313 123 4263","us","AMERICA","400","Doris.BelGeddes@GROSBEAK.COM","145"
"136","Sissy","Warden","15713 N East St","48906","Lansing","MI","US","+1 517 123 4265","us","AMERICA","400","Sissy.Warden@JACANA.COM","145"
"137","Elia","Brando","555 John F Kennedy Rd","52002","Dubuque","IA","US","+1 319 123 4271","us","AMERICA","500","Elia.Brando@JUNCO.COM","145"
"138","Mani","Fonda","10315 Hickman Rd","50322","Des Moines","IA","US","+1 515 123 4273","us","AMERICA","500","Mani.Fonda@KINGLET.COM","145"
"139","Placido","Kubrick","2115 N Towne Ln Ne","52402","Cedar Rapids","IA","US","+1 319 123 4278","us","AMERICA","500","Placido.Kubrick@SCOTER.COM","145"
"140","Claudia","Kurosawa","1928 Sherwood Dr","51503","Council Bluffs","IA","US","+1 712 123 4280","us","AMERICA","500","Claudia.Kurosawa@CHUKAR.COM","145"
"141","Maximilian","Henner","2102 E Kimberly Rd","52807","Davenport","IA","US","+1 319 123 4282","us","AMERICA","500","Maximilian.Henner@DUNLIN.COM","145"
"142","Sachin","Spielberg","1691 Asbury Rd","52001","Dubuque","IA","US","+1 319 123 4288","us","AMERICA","500","Sachin.Spielberg@GADWALL.COM","145"
"143","Sachin","Neeson","5112 Sw 9Th St","50315","Des Moines","IA","US","+1 515 123 4290","us","AMERICA","500","Sachin.Neeson@GALLINULE.COM","145"
"144","Sivaji","Landis","221 3Rd Ave Se # 300","52401","Cedar Rapids","IA","US","+1 319 123 4301","us","AMERICA","500","Sivaji.Landis@GOLDENEYE.COM","145"
"145","Mammutti","Pacino","2120 Heights Dr","54701","Eau Claire","WI","US","+1 745 123 4306","us","AMERICA","500","Mammutti.Pacino@GREBE.COM","145"
"146","Elia","Fawcett","8989 N Port Washington Rd","53217","Milwaukee","WI","US","+1 414 123 4307","us","AMERICA","500","Elia.Fawcett@JACANA.COM","145"
"147","Ishwarya","Roberts","6555 W Good Hope Rd","53223","Milwaukee","WI","US","+1 414 123 4308","us","AMERICA","600","Ishwarya.Roberts@LAPWING.COM","145"
"148","Gustav","Steenburgen","1314 N Stoughton Rd","53714","Madison","WI","US","+1 608 123 4309","us","AMERICA","600","Gustav.Steenburgen@PINTAIL.COM","145"
"149","Markus","Rampling","4715 Sprecher Rd","53704","Madison","WI","US","+1 608 123 4318","us","AMERICA","600","Markus.Rampling@PUFFIN.COM","145"
"150","Goldie","Slater","6161 N 64Th St","53218","Milwaukee","WI","US","+1 414 123 4323","us","AMERICA","700","Goldie.Slater@PYRRHULOXIA.COM","145"
"151","Divine","Aykroyd","11016 W Lincoln Ave","53227","Milwaukee","WI","US","+1 414 123 4324","us","AMERICA","700","Divine.Aykroyd@REDSTART.COM","145"
"152","Dieter","Matthau","8600 W National Ave","53227","Milwaukee","WI","US","+1 414 123 4328","us","AMERICA","700","Dieter.Matthau@VERDIN.COM","145"
"153","Divine","Sheen","615 N Sherman Ave","53704","Madison","WI","US","+1 608 123 4332","us","AMERICA","700","Divine.Sheen@COWBIRD.COM","145"
"154","Frederic","Grodin","512 E Grand Ave","53511","Beloit","WI","US","+1 608 123 4344","us","AMERICA","700","Frederic.Grodin@CREEPER.COM","145"
"155","Frederico","Romero","600 N Broadway Fl 1","53202","Milwaukee","WI","US","+1 414 123 4347","us","AMERICA","700","Frederico.Romero@CURLEW.COM","145"
"156","Goldie","Montand","5235 N Ironwood Ln","53217","Milwaukee","WI","US","+1 414 123 4348","us","AMERICA","700","Goldie.Montand@DIPPER.COM","145"
"157","Sidney","Capshaw","322 E Michigan St","53202","Milwaukee","WI","US","+1 414 123 4350","us","AMERICA","700","Sidney.Capshaw@DUNLIN.COM","145"
"158","Frederico","Lyon","1400 Bellinger St Fl 4","54703","Eau Claire","WI","US","+1 745 123 4367","us","AMERICA","700","Frederico.Lyon@FLICKER.COM","145"
"496","Scott","Jordan","1636 Pretty Blvd","361168","Bangalore","Kar","IN","+91 80 012 4869","hi","INDIA","5000","Scott.Jordan@WILLET.COM","148"
"605","Shammi","Pacino","1646 Brazil Blvd","361168","Chennai","Tam","IN","+91 80 012 4887","hi","INDIA","500","Shammi.Pacino@BITTERN.COM","148"
"606","Sharmila","Kazan","1647 Suspense St","361168","Cochin","Ker","IN","+91 80 012 4889","hi","INDIA","500","Sharmila.Kazan@BRANT.COM","148"
"607","Sharmila","Fonda","1648 Anamika St","361168","Cochin","Ker","IN","+91 80 012 4891","hi","INDIA","500","Sharmila.Fonda@BUFFLEHEAD.COM","148"
"609","Shelley","Taylor","1650 Teesri Manjil Crt","361168","Kashmir","","IN","+91 141 012 4895","hi","INDIA","3700","Shelley.Taylor@CURLEW.COM","148"
"615","Shyam","Plummer","1656 Veterans Rd","361168","Chennai","Tam","IN","+91 80 012 4907","hi","INDIA","2500","Shyam.Plummer@VEERY.COM","148"
"621","Silk","Kurosawa","1662 Talaivar St","361168","Chennai","Tam","IN","+91 80 012 4919","hi","INDIA","1500","Silk.Kurosawa@NUTHATCH.COM","148"
"627","Sivaji","Gielgud","1667 2010 St","61311","Batavia","Ker","IN","+91 80 012 4931","hi","INDIA","500","Sivaji.Gielgud@BULBUL.COM","148"
"712","M. Emmet","Stockwell","Piazza Del Congresso 22","361185","Roma","","IT","+39 6 012 4501","i","ITALY","3700","M.Emmet.Stockwell@COOT.COM","147"
"713","M. Emmet","Olin","Piazza Quattre Stagioni 4","361186","Roma","","IT","+39 6 012 4503","i","ITALY","3700","M.Emmet.Olin@CORMORANT.COM","147"
"715","Malcolm","Field","Piazza Svizzera","361187","Roma","","IT","+39 6 012 4507","i","ITALY","2400","Malcolm.Field@DOWITCHER.COM","147"
"717","Mammutti","Sutherland","Ruella Delle Spiriti","361188","Roma","","IT","+39 6 012 4511","i","ITALY","500","Mammutti.Sutherland@TOWHEE.COM","147"
"719","Mani","Kazan","Via Del Disegno 194","361189","Roma","","IT","+39 6 012 4515","i","ITALY","500","Mani.Kazan@TROGON.COM","147"
"721","Mani","Buckley","Via Delle Capeletti 52","361190","Roma","","IT","+39 6 012 4519","i","ITALY","500","Mani.Buckley@TURNSTONE.COM","147"
"727","Margaret","Ustinov","Via Dello Croce 93","361193","Roma","","IT","+39 6 012 4531","i","ITALY","1200","Margaret.Ustinov@ANHINGA.COM","147"
"729","Margaux","Krige","Via Di Firenze 231","361194","Roma","","IT","+39 6 012 4535","i","ITALY","2400","Margaux.Krige@DUNLIN.COM","147"
"731","Margaux","Capshaw","Via Dolorosa 69","361195","Roma","","IT","+39 6 012 4539","i","ITALY","2400","Margaux.Capshaw@EIDER.COM","147"
"754","Kevin","Goodman","Via Notoriosa 1942","361234","Ventimiglia","","IT","+39 10 012 4385","i","ITALY","700","Kevin.Goodman@WIGEON.COM","147"
"755","Kevin","Cleveland","Via Notoriosa 1943","361235","Ventimiglia","","IT","+39 10 012 4387","i","ITALY","700","Kevin.Cleveland@WILLET.COM","147"
"756","Kevin","Wilder","Canale Grande 2","361183","Roma","","IT","+39 6 012 4389","i","ITALY","700","Kevin.Wilder@AUKLET.COM","147"
"757","Kiefer","Reynolds","Piazza Cacchiatore 23","361184","Roma","","IT","+39 6 012 4391","i","ITALY","700","Kiefer.Reynolds@AVOCET.COM","147"
"766","Klaus","Young","Via Del Disegno 194","361223","San Giminiano","","IT","+39 49 012 4409","i","ITALY","600","Klaus.Young@OVENBIRD.COM","147"
"767","Klaus Maria","Russell","Piazza Svizzera","361221","San Giminiano","","IT","+39 49 012 4411","i","ITALY","100","KlausMaria.Russell@COOT.COM","147"
"768","Klaus Maria","MacLaine","Via Dello Croce 93","361227","Tellaro","","IT","+39 10 012 4413","i","ITALY","100","KlausMaria.MacLaine@CHUKAR.COM","147"
"769","Kris","Harris","Via Dello Croce 93","361217","San Giminiano","","IT","+39 49 012 4415","i","ITALY","400","Kris.Harris@DIPPER.COM","147"
"770","Kris","Curtis","Ruella Delle Spiriti","361222","San Giminiano","","IT","+39 49 012 4417","i","ITALY","400","Kris.Curtis@DOWITCHER.COM","147"
"771","Kris","de Niro","Via Delle Capeletti 52","361224","San Giminiano","","IT","+39 49 012 4419","i","ITALY","400","Kris.deNiro@DUNLIN.COM","147"
"772","Kristin","Savage","Via Delli Capelli 2","361226","Tellaro","","IT","+39 10 012 4421","i","ITALY","400","Kristin.Savage@CURLEW.COM","147"
"782","Laurence","Seignier","1971 Limelight Blvd","","Samutprakarn","","TH","+66 76 012 4441","th","THAILAND","1200","Laurence.Seignier@CREEPER.COM","149"
"825","Alain","Dreyfuss","Harmoniegasse 3","3413","Baden-Daettwil","AG","CH","+41 56 012 3527","d","SWITZERLAND","500","Alain.Dreyfuss@VEERY.COM","147"
"826","Alain","Barkin","Sonnenberg 4","3413","Baden-Daettwil","AG","CH","+41 57 012 3529","d","SWITZERLAND","500","Alain.Barkin@VERDIN.COM","147"
"827","Alain","Siegel","Alfred E. Neumann-Weg 3","3413","Baden-Daettwil","AG","CH","+41 58 012 3531","d","SWITZERLAND","500","Alain.Siegel@VIREO.COM","147"
"828","Alan","Minnelli","Dr. Herbert Bitto Str 23","3413","Baden-Daettwil","AG","CH","+41 59 012 3533","d","SWITZERLAND","2300","Alan.Minnelli@TANAGER.COM","147"
"829","Alan","Hunter","Taefernstr 4","3413","Baden-Daettwil","AG","CH","+41 60 012 3535","d","SWITZERLAND","2300","Alan.Hunter@TATTLER.COM","147"
"830","Albert","Dutt","Kreuzritterplatz 5","3413","Baden-Daettwil","AG","CH","+41 61 012 3537","d","SWITZERLAND","3500","Albert.Dutt@CURLEW.COM","147"
"831","Albert","Bel Geddes","Helebardenweg 5","3413","Baden-Daettwil","AG","CH","+41 62 012 3539","d","SWITZERLAND","3500","Albert.BelGeddes@DIPPER.COM","147"
"832","Albert","Spacek","Zum Freundlichen Nachbarn 5","3413","Baden-Daettwil","AG","CH","+41 63 012 3541","d","SWITZERLAND","3500","Albert.Spacek@DOWITCHER.COM","147"
"833","Alec","Moranis","Ziegenwiese 3","3413","Baden-Daettwil","AG","CH","+41 64 012 3543","d","SWITZERLAND","3500","Alec.Moranis@DUNLIN.COM","147"
"834","Alec","Idle","Am Waldrand 5","3413","Baden-Daettwil","AG","CH","+41 65 012 3545","d","SWITZERLAND","3500","Alec.Idle@EIDER.COM","147"
"835","Alexander","Eastwood","Zur Kantine 9","3413","Baden-Daettwil","AG","CH","+41 66 012 3547","d","SWITZERLAND","1200","Alexander.Eastwood@AVOCET.COM","147"
"836","Alexander","Berenger","Grosse Bahnhostrasse 3","3413","Baden-Daettwil","AG","CH","+41 67 012 3549","d","SWITZERLAND","1200","Alexander.Berenger@BECARD.COM","147"
"837","Alexander","Stanton","Paradeplatz 4","8001","Zuerich","ZH","CH","+41 2 012 3551","d","SWITZERLAND","1200","Alexander.Stanton@AUKLET.COM","147"
"838","Alfred","Nicholson","Badenerstr 1941","8004","Zuerich","ZH","CH","+41 3 012 3553","d","SWITZERLAND","3500","Alfred.Nicholson@CREEPER.COM","147"
"839","Alfred","Johnson","Welschdoerfchen 1941","7001","Chur","ZH","CH","+41 81 012 3555","d","SWITZERLAND","3500","Alfred.Johnson@FLICKER.COM","147"
"840","Ali","Elliott","Le Reduit","7064","Tschiertschen","GR","CH","+41 81 012 3557","d","SWITZERLAND","1400","Ali.Elliott@ANHINGA.COM","147"
"841","Ali","Boyer","Bendlehn","9062","Trogen","SG","CH","+41 71 012 3559","d","SWITZERLAND","1400","Ali.Boyer@WILLET.COM","147"
"842","Ali","Stern","Spisertor 3","7000","St. Gallen","SG","CH","+41 71 012 3561","d","SWITZERLAND","1400","Ali.Stern@YELLOWTHROAT.COM","147"
"843","Alice","Oates","Langstr 14","8004","Zuerich","ZH","CH","+41 4 012 3563","d","SWITZERLAND","700","Alice.Oates@BECARD.COM","147"
"844","Alice","Julius","Roessligasse 4","8001","Zurich","ZH","CH","+41 6 012 3565","d","SWITZERLAND","700","Alice.Julius@BITTERN.COM","147"
"845","Ally","Fawcett","Zum Froehlichen Schweizer 3","8000","Zurich","ZH","CH","+41 7 012 3567","d","SWITZERLAND","5000","Ally.Fawcett@PLOVER.COM","147"
"846","Ally","Brando","Chrottenweg","3000","Bern","BE","CH","+41 31 012 3569","d","SWITZERLAND","5000","Ally.Brando@PINTAIL.COM","147"
"847","Ally","Streep","Bruppacher Str 3","3413","Baden-Daettwil","AG","CH","+41 68 012 3571","d","SWITZERLAND","5000","Ally.Streep@PIPIT.COM","147"
"848","Alonso","Olmos","Limmatquai","8001","Zuerich","ZH","CH","+41 5 012 3573","d","SWITZERLAND","1800","Alonso.Olmos@PHALAROPE.COM","147"
"849","Alonso","Kaurusmdki","Dreikoenigsstr 3","8001","Zurich","ZH","CH","+41 8 012 3575","d","SWITZERLAND","1800","Alonso.Kaurusmdki@PHOEBE.COM","147"
"850","Amanda","Finney","Pfannenstilstr 13","8132","Egg","ZH","CH","+41 1 012 3577","d","SWITZERLAND","2300","Amanda.Finney@STILT.COM","147"
"851","Amanda","Brown","Kreuzstr 32","8032","Zurich","ZH","CH","+41 9 012 3579","d","SWITZERLAND","2300","Amanda.Brown@THRASHER.COM","147"
"852","Amanda","Tanner","1539 Stripes Rd","3413","Baden-Daettwil","AG","CH","+41 69 012 3581","d","SWITZERLAND","2300","Amanda.Tanner@TEAL.COM","147"
"853","Amrish","Palin","1540 Stripes Crt","3413","Baden-Daettwil","AG","CH","+41 70 012 3583","d","SWITZERLAND","400","Amrish.Palin@EIDER.COM","147"
"905","Billy","Hershey","1592 Silverado St","361123","Bangalore","Kar","IN","+91 80 012 3687","hi","INDIA","1400","Billy.Hershey@BULBUL.COM","148"
"906","Billy","Dench","1593 Silverado St","361112","Bangalore","Kar","IN","+91 80 012 3689","hi","INDIA","1400","Billy.Dench@CARACARA.COM","148"
"159","Eddie","Boyer","411 E Wisconsin Ave # 2550","53202","Milwaukee","WI","US","+1 414 123 4369","us","AMERICA","700","Eddie.Boyer@GALLINULE.COM","145"
"160","Eddie","Stern","808 3Rd St # 100","54403","Wausau","WI","US","+1 715 123 4372","us","AMERICA","700","Eddie.Stern@GODWIT.COM","145"
"161","Ernest","Weaver","300 Crooks St","54301","Green Bay","WI","US","+1 414 123 4373","us","AMERICA","900","Ernest.Weaver@GROSBEAK.COM","145"
"162","Ernest","George","122 E Dayton St","53703","Madison","WI","US","+1 608 123 4374","us","AMERICA","900","Ernest.George@LAPWING.COM","145"
"163","Ernest","Chandar","633 S Hawley Rd","53214","Milwaukee","WI","US","+1 414 123 4376","us","AMERICA","900","Ernest.Chandar@LIMPKIN.COM","145"
"164","Charlotte","Kazan","2122 Campbell Rd","54601","La Crosse","WI","US","+1 608 123 4378","us","AMERICA","1200","Charlotte.Kazan@MERGANSER.COM","145"
"165","Charlotte","Fonda","3324 N Oakland Ave","53211","Milwaukee","WI","US","+1 414 123 4381","us","AMERICA","1200","Charlotte.Fonda@MOORHEN.COM","145"
"166","Dheeraj","Alexander","666 22Nd Ave Ne","55418","Minneapolis","MN","US","+1 612 123 4397","us","AMERICA","1200","Dheeraj.Alexander@NUTHATCH.COM","145"
"167","Gerard","Hershey","1501 Lowry Ave N","55411","Minneapolis","MN","US","+1 612 123 4399","us","AMERICA","1200","Gerard.Hershey@PARULA.COM","145"
"168","Hema","Voight","113 N 1St St","55401","Minneapolis","MN","US","+1 612 123 4408","us","AMERICA","1200","Hema.Voight@PHALAROPE.COM","145"
"169","Dheeraj","Davis","4200 Yosemite Ave S","55416","Minneapolis","MN","US","+1 612 123 4417","us","AMERICA","1200","Dheeraj.Davis@PIPIT.COM","145"
"170","Harry Dean","Fonda","2800 Chicago Ave # 100","55407","Minneapolis","MN","US","+1 612 123 4419","us","AMERICA","1200","HarryDean.Fonda@PLOVER.COM","145"
"171","Hema","Powell","200 1St St Sw","55905","Rochester","MN","US","+1 507 123 4421","us","AMERICA","1200","Hema.Powell@SANDERLING.COM","145"
"172","Harry Mean","Peckinpah","314 W Superior St # 1015","55802","Duluth","MN","US","+1 218 123 4429","us","AMERICA","1200","HarryMean.Peckinpah@VERDIN.COM","145"
"173","Kathleen","Walken","1409 Willow St # 600","55403","Minneapolis","MN","US","+1 612 123 4434","us","AMERICA","1200","Kathleen.Walken@VIREO.COM","145"
"174","Blake","Seignier","2720 Brewerton Rd","13211","Syracuse","NY","US","+1 315 123 4442","us","AMERICA","1200","Blake.Seignier@GALLINULE.COM","149"
"175","Claude","Powell","2134 W Genesee St","13219","Syracuse","NY","US","+1 315 123 4447","us","AMERICA","1200","Claude.Powell@GODWIT.COM","149"
"176","Faye","Glenn","1522 Main St","14305","Niagara Falls","NY","US","+1 716 123 4457","us","AMERICA","1200","Faye.Glenn@GREBE.COM","149"
"177","Gerhard","Seignier","49 N Pine Ave","12203","Albany","NY","US","+1 518 123 4459","us","AMERICA","1200","Gerhard.Seignier@JACANA.COM","149"
"178","Grace","Belushi","726 Union St","12534","Hudson","NY","US","+1 518 123 4464","us","AMERICA","1200","Grace.Belushi@KILLDEER.COM","149"
"179","Harry dean","Forrest","137 Lark St","12210","Albany","NY","US","+1 518 123 4474","us","AMERICA","1200","Harrydean.Forrest@KISKADEE.COM","149"
"180","Harry dean","Cage","33 Fulton St","12601","Poughkeepsie","NY","US","+1 914 123 4494","us","AMERICA","1200","Harrydean.Cage@LAPWING.COM","149"
"181","Lauren","Hershey","2360 Maxon Rd","12308","Schenectady","NY","US","+1 518 123 4496","us","AMERICA","1200","Lauren.Hershey@LIMPKIN.COM","149"
"182","Lauren","Dench","85 High St","14203","Buffalo","NY","US","+1 716 123 4575","us","AMERICA","1200","Lauren.Dench@LONGSPUR.COM","149"
"183","Lauren","Altman","1 Palisade Ave Fl 2","10701","Yonkers","NY","US","+1 914 123 4578","us","AMERICA","1200","Lauren.Altman@MERGANSER.COM","149"
"184","Mary Beth","Roberts","500 S Salina St # 500","13202","Syracuse","NY","US","+1 315 123 4597","us","AMERICA","1200","MaryBeth.Roberts@NUTHATCH.COM","149"
"185","Matthew","Wright","33 Pine St","14094","Lockport","NY","US","+1 716 123 4599","us","AMERICA","1200","Matthew.Wright@OVENBIRD.COM","149"
"186","Meena","Alexander","Po Box 2152","14240","Buffalo","NY","US","+1 716 123 4605","us","AMERICA","1200","Meena.Alexander@PARULA.COM","149"
"187","Grace","Dvrrie","2979 Hamburg St","12303","Schenectady","NY","US","+1 518 123 4617","us","AMERICA","1200","Grace.Dvrrie@PHOEBE.COM","149"
"188","Charlotte","Buckley","1790 Grand Blvd","12309","Schenectady","NY","US","+1 518 123 4618","us","AMERICA","1200","Charlotte.Buckley@PINTAIL.COM","149"
"189","Gena","Harris","7 Ingelside Ln","10605","White Plains","NY","US","+1 914 123 4619","us","AMERICA","1200","Gena.Harris@PIPIT.COM","149"
"190","Gena","Curtis","18 Glenridge Rd","12302","Schenectady","NY","US","+1 518 123 4624","us","AMERICA","1200","Gena.Curtis@PLOVER.COM","149"
"191","Maureen","Sanders","6432 Rising Sun Ave","19111","Philadelphia","PA","US","+1 215 123 4644","us","AMERICA","1200","Maureen.Sanders@PUFFIN.COM","149"
"192","Sean","Stockwell","Rr 10","19606","Reading","PA","US","+1 610 123 4657","us","AMERICA","1200","Sean.Stockwell@PYRRHULOXIA.COM","149"
"193","Harry dean","Kinski","2455 Rose Garden Rd","15220","Pittsburgh","PA","US","+1 412 123 4662","us","AMERICA","1200","Harrydean.Kinski@REDPOLL.COM","149"
"194","Kathleen","Garcia","1812 Timberline Rd","16601","Altoona","PA","US","+1 814 123 4663","us","AMERICA","1200","Kathleen.Garcia@REDSTART.COM","149"
"195","Sean","Olin","141 Schiller St","19601","Reading","PA","US","+1 610 123 4664","us","AMERICA","1200","Sean.Olin@SCAUP.COM","149"
"196","Gerard","Dench","1126 Pawlings Rd","19403","Norristown","PA","US","+1 610 123 4667","us","AMERICA","1200","Gerard.Dench@SCOTER.COM","149"
"197","Gerard","Altman","55 Church Hill Rd","19606","Reading","PA","US","+1 610 123 4669","us","AMERICA","1200","Gerard.Altman@SHRIKE.COM","149"
"198","Maureen","de Funes","354 N Prince St","17603","Lancaster","PA","US","+1 717 123 4674","us","AMERICA","1200","Maureen.deFunes@SISKIN.COM","149"
"199","Clint","Chapman","115 Chestnut St","19106","Philadelphia","PA","US","+1 215 123 4676","us","AMERICA","1400","Clint.Chapman@SNIPE.COM","149"
"200","Clint","Gielgud","2899 Grand Ave","15225","Pittsburgh","PA","US","+1 412 123 4681","us","AMERICA","1400","Clint.Gielgud@STILT.COM","149"
"201","Eric","Prashant","Po Box 39","15701","Indiana","PA","US","+1 412 123 4684","us","AMERICA","1400","Eric.Prashant@TATTLER.COM","149"
"202","Ingrid","Welles","1604 Broadway Ave","15216","Pittsburgh","PA","US","+1 412 123 4688","us","AMERICA","1400","Ingrid.Welles@TEAL.COM","149"
"203","Ingrid","Rampling","4734 Liberty Ave","15224","Pittsburgh","PA","US","+1 412 123 4691","us","AMERICA","1400","Ingrid.Rampling@WIGEON.COM","149"
"204","Cliff","Puri","21 Thornwood Rd","17112","Harrisburg","PA","US","+1 717 123 4692","us","AMERICA","1400","Cliff.Puri@CORMORANT.COM","149"
"205","Emily","Pollack","3725 W Lake Rd","16505","Erie","PA","US","+1 814 123 4696","us","AMERICA","1400","Emily.Pollack@DIPPER.COM","149"
"206","Fritz","Hackman","1808 4Th Ave","16602","Altoona","PA","US","+1 814 123 4697","us","AMERICA","1400","Fritz.Hackman@DUNLIN.COM","149"
"207","Cybill","Laughton","Station Sq","15219","Pittsburgh","PA","US","+1 412 123 4700","us","AMERICA","1400","Cybill.Laughton@EIDER.COM","149"
"208","Cyndi","Griem","4020 Garden Ave","16508","Erie","PA","US","+1 814 123 4706","us","AMERICA","1400","Cyndi.Griem@GALLINULE.COM","149"
"209","Cyndi","Collins","100 N Peach St","19139","Philadelphia","PA","US","+1 215 123 4708","us","AMERICA","1400","Cyndi.Collins@GODWIT.COM","149"
"210","Cybill","Clapton","835 Heister Ln","19605","Reading","PA","US","+1 610 123 4714","us","AMERICA","1400","Cybill.Clapton@GOLDENEYE.COM","149"
"211","Luchino","Jordan","378 S Negley Ave","15232","Pittsburgh","PA","US","+1 412 123 4718","us","AMERICA","1500","Luchino.Jordan@GREBE.COM","149"
"212","Luchino","Falk","5643 N 5Th St","19120","Philadelphia","PA","US","+1 215 123 4721","us","AMERICA","1500","Luchino.Falk@OVENBIRD.COM","149"
"213","Luchino","Bradford","1401 W Warren Rd","16701","Bradford","PA","US","+1 814 123 4722","us","AMERICA","1500","Luchino.Bradford@PARULA.COM","149"
"214","Robin","Danson","815 Freeport Rd","15215","Pittsburgh","PA","US","+1 412 123 4724","us","AMERICA","1500","Robin.Danson@PHAINOPEPLA.COM","149"
"215","Orson","Perkins","327 N Washington Ave # 300","18503","Scranton","PA","US","+1 717 123 4730","us","AMERICA","1900","Orson.Perkins@PINTAIL.COM","149"
"216","Orson","Koirala","810 Race St","19107","Philadelphia","PA","US","+1 215 123 4738","us","AMERICA","1900","Orson.Koirala@PIPIT.COM","149"
"217","Bryan","Huston","4901 Locust Ln","17109","Harrisburg","PA","US","+1 717 123 4739","us","AMERICA","2300","Bryan.Huston@PYRRHULOXIA.COM","149"
"218","Bryan","Dvrrie","3376 Perrysville Ave","15214","Pittsburgh","PA","US","+1 412 123 4740","us","AMERICA","2300","Bryan.Dvrrie@REDPOLL.COM","149"
"219","Ajay","Sen","220 Penn Ave # 300","18503","Scranton","PA","US","+1 717 123 4741","us","AMERICA","2300","Ajay.Sen@TROGON.COM","149"
"220","Carol","Jordan","135 S 18Th St # 1","19103","Philadelphia","PA","US","+1 215 123 4743","us","AMERICA","2300","Carol.Jordan@TURNSTONE.COM","149"
"221","Carol","Bradford","522 Swede St","19401","Norristown","PA","US","+1 610 123 4744","us","AMERICA","2300","Carol.Bradford@VERDIN.COM","149"
"222","Cary","Stockwell","7708 City Ave","19151","Philadelphia","PA","US","+1 215 123 4745","us","AMERICA","2300","Cary.Stockwell@VIREO.COM","149"
"223","Cary","Olin","1801 Lititz Pike","17601","Lancaster","PA","US","+1 717 123 4746","us","AMERICA","2300","Cary.Olin@WATERTHRUSH.COM","149"
"224","Clara","Krige","101 E Olney Ave","19120","Philadelphia","PA","US","+1 215 123 4748","us","AMERICA","2300","Clara.Krige@WHIMBREL.COM","149"
"225","Clara","Ganesan","612 Jefferson Ave","18510","Scranton","PA","US","+1 717 123 4752","us","AMERICA","2300","Clara.Ganesan@WIGEON.COM","149"
"226","Ajay","Andrews","223 4Th Ave # 1100","15222","Pittsburgh","PA","US","+1 412 123 4763","us","AMERICA","2300","Ajay.Andrews@YELLOWTHROAT.COM","149"
"227","Kathy","Prashant","36 W 34Th St","16508","Erie","PA","US","+1 814 123 4766","us","AMERICA","2400","Kathy.Prashant@ANI.COM","149"
"228","Graham","Neeson","1007 Mount Royal Blvd","15223","Pittsburgh","PA","US","+1 412 123 4767","us","AMERICA","2400","Graham.Neeson@AUKLET.COM","149"
"229","Ian","Chapman","601 Market St","19106","Philadelphia","PA","US","+1 215 123 4768","us","AMERICA","2400","Ian.Chapman@AVOCET.COM","149"
"230","Danny","Wright","5565 Baynton St","19144","Philadelphia","PA","US","+1 215 123 4771","us","AMERICA","2400","Danny.Wright@BITTERN.COM","149"
"231","Danny","Rourke","5640 Fishers Ln","20852","Rockville","MD","US","+1 301 123 4794","us","AMERICA","2400","Danny.Rourke@BRANT.COM","145"
"232","Donald","Hunter","5122 Sinclair Ln","21206","Baltimore","MD","US","+1 410 123 4795","us","AMERICA","2400","Donald.Hunter@CHACHALACA.COM","145"
"233","Graham","Spielberg","680 Bel Air Rd","21014","Bel Air","MD","US","+1 410 123 4800","us","AMERICA","2400","Graham.Spielberg@CHUKAR.COM","145"
"234","Dan","Roberts","4301 Ashland Ave","21205","Baltimore","MD","US","+1 410 123 4805","us","AMERICA","2400","Dan.Roberts@NUTHATCH.COM","145"
"235","Edward","Oates","8004 Stansbury Rd","21222","Baltimore","MD","US","+1 410 012 4715","us","AMERICA","2400","Edward.Oates@OVENBIRD.COM","145"
"236","Edward","Julius","10209 Yearling Dr","20850","Rockville","MD","US","+1 301 123 4809","us","AMERICA","2400","Edward.Julius@PARULA.COM","145"
"237","Farrah","Quinlan","3000 Greenmount Ave","21218","Baltimore","MD","US","+1 410 123 4812","us","AMERICA","2400","Farrah.Quinlan@PHAINOPEPLA.COM","145"
"238","Farrah","Lange","200 E Fort Ave","21230","Baltimore","MD","US","+1 410 123 4813","us","AMERICA","2400","Farrah.Lange@PHALAROPE.COM","145"
"239","Hal","Stockwell","1262 Vocke Rd","21502","Cumberland","MD","US","+1 301 123 4814","us","AMERICA","2400","Hal.Stockwell@PHOEBE.COM","145"
"240","Malcolm","Kanth","3314 Eastern Ave","21224","Baltimore","MD","US","+1 410 123 4816","us","AMERICA","2400","Malcolm.Kanth@PIPIT.COM","145"
"241","Malcolm","Broderick","12817 Coastal Hwy","21842","Ocean City","MD","US","+1 410 123 4817","us","AMERICA","2400","Malcolm.Broderick@PLOVER.COM","145"
"242","Mary","Lemmon","11200 Scaggsville Rd","20723","Laurel","MD","US","+1 301 123 4818","us","AMERICA","2400","Mary.Lemmon@PUFFIN.COM","145"
"243","Mary","Collins","9435 Washington Blvd N # M","20723","Laurel","MD","US","+1 301 123 4819","us","AMERICA","2400","Mary.Collins@PYRRHULOXIA.COM","145"
"244","Matt","Gueney","2300 Harford Rd","21218","Baltimore","MD","US","+1 410 123 4822","us","AMERICA","2400","Matt.Gueney@REDPOLL.COM","145"
"245","Max","von Sydow","2 2Nd St # A","21842","Ocean City","MD","US","+1 410 123 4840","us","AMERICA","2400","Max.vonSydow@REDSTART.COM","145"
"246","Max","Schell","6917 W Oklahoma Ave","53219","Milwaukee","WI","US","+1 414 123 4363","us","AMERICA","2400","Max.Schell@SANDERLING.COM","145"
"247","Cynda","Whitcraft","206 S Broadway # 707","55904","Rochester","MN","US","+1 507 123 4387","us","AMERICA","2400","Cynda.Whitcraft@SANDPIPER.COM","145"
"248","Donald","Minnelli","160 Glenwood Ave","55405","Minneapolis","MN","US","+1 612 123 4436","us","AMERICA","2400","Donald.Minnelli@SCAUP.COM","145"
"249","Hannah","Broderick","6915 Grand Ave","46323","Hammond","IN","US","+1 219 123 4145","us","AMERICA","2400","Hannah.Broderick@SHRIKE.COM","145"
"250","Dan","Williams","2215 Oak Industrial Dr Ne","49505","Grand Rapids","MI","US","+1 616 123 4190","us","AMERICA","2400","Dan.Williams@SISKIN.COM","145"
"251","Raul","Wilder","65 Cadillac Sq # 2701","48226","Detroit","MI","US","+1 313 123 4241","us","AMERICA","2500","Raul.Wilder@STILT.COM","145"
"252","Shah Rukh","Field","3435 Tuscany Dr Se","49546","Grand Rapids","MI","US","+1 616 123 4259","us","AMERICA","2500","ShahRukh.Field@WHIMBREL.COM","145"
"253","Sally","Bogart","215 4Th Ave Se","52401","Cedar Rapids","IA","US","+1 319 123 4269","us","AMERICA","2500","Sally.Bogart@WILLET.COM","145"
"254","Bruce","Bates","1751 Madison Ave","51503","Council Bluffs","IA","US","+1 712 123 4284","us","AMERICA","3500","Bruce.Bates@COWBIRD.COM","145"
"255","Brooke","Shepherd","810 1St Ave","51501","Council Bluffs","IA","US","+1 712 123 4289","us","AMERICA","3500","Brooke.Shepherd@KILLDEER.COM","145"
"256","Ben","de Niro","500 W Oklahoma Ave","53207","Milwaukee","WI","US","+1 414 123 4312","us","AMERICA","3500","Ben.deNiro@KINGLET.COM","145"
"257","Emmet","Walken","4811 S 76Th St # 205","53220","Milwaukee","WI","US","+1 414 123 4364","us","AMERICA","3600","Emmet.Walken@LIMPKIN.COM","145"
"258","Ellen","Palin","310 Broadway St","56308","Alexandria","MN","US","+1 320 123 4385","us","AMERICA","3600","Ellen.Palin@LONGSPUR.COM","145"
"259","Denholm","von Sydow","1721 E Lake St","55407","Minneapolis","MN","US","+1 612 123 4407","us","AMERICA","3600","Denholm.vonSydow@MERGANSER.COM","145"
"260","Ellen","Khan","255 Great Arrow Ave","14207","Buffalo","NY","US","+1 716 123 4456","us","AMERICA","3600","Ellen.Khan@VERDIN.COM","149"
"261","Emmet","Garcia","800 Carter St","14621","Rochester","NY","US","+1 716 123 4582","us","AMERICA","3600","Emmet.Garcia@VIREO.COM","149"
"262","Fred","Reynolds","6640 Campbell Blvd","14094","Lockport","NY","US","+1 716 123 4627","us","AMERICA","3600","Fred.Reynolds@WATERTHRUSH.COM","149"
"263","Fred","Lithgow","802 North Ave","15209","Pittsburgh","PA","US","+1 412 123 4677","us","AMERICA","3600","Fred.Lithgow@WHIMBREL.COM","149"
"264","George","Adjani","1136 Arch St","19107","Philadelphia","PA","US","+1 215 123 4702","us","AMERICA","3600","George.Adjani@WILLET.COM","149"
"265","Irene","Laughton","6Th And Master St","19122","Philadelphia","PA","US","+1 215 123 4749","us","AMERICA","3600","Irene.Laughton@ANHINGA.COM","149"
"266","Prem","Cardinale","Rt 6 E","16365","Warren","PA","US","+1 814 123 4755","us","AMERICA","3700","Prem.Cardinale@BITTERN.COM","149"
"267","Prem","Walken","1924 Bedford St","21502","Cumberland","MD","US","+1 301 123 4831","us","AMERICA","3700","Prem.Walken@BRANT.COM","145"
"268","Kyle","Schneider","2674 Collingwood St","48206","Detroit","MI","US","+1 313 123 4167","us","AMERICA","3700","Kyle.Schneider@DUNLIN.COM","145"
"269","Kyle","Martin","2713 N Bendix Dr","46628","South Bend","IN","US","+1 219 123 4116","us","AMERICA","3700","Kyle.Martin@EIDER.COM","145"
"270","Meg","Derek","23985 Bedford Rd N","49017","Battle Creek","MI","US","+1 616 123 4166","us","AMERICA","3700","Meg.Derek@FLICKER.COM","145"
"271","Shelley","Peckinpah","752 W Huron St","48341","Pontiac","MI","US","+1 810 123 4212","us","AMERICA","3700","Shelley.Peckinpah@GODWIT.COM","145"
"272","Prem","Garcia","660 Woodward Ave # 2290","48226","Detroit","MI","US","+1 313 123 4240","us","AMERICA","3700","Prem.Garcia@JACANA.COM","145"
"273","Bo","Hitchcock","1330 N Memorial Dr","53404","Racine","WI","US","+1 414 123 4340","us","AMERICA","5000","Bo.Hitchcock@ANHINGA.COM","145"
"274","Bob","McCarthy","701 Seneca St","14210","Buffalo","NY","US","+1 716 123 4485","us","AMERICA","5000","Bob.McCarthy@ANI.COM","149"
"275","Dom","McQueen","8 Automation Ln","12205","Albany","NY","US","+1 518 123 4532","us","AMERICA","5000","Dom.McQueen@AUKLET.COM","149"
"276","Dom","Hoskins","811 N Brandywine Ave","12308","Schenectady","NY","US","+1 518 123 4562","us","AMERICA","5000","Dom.Hoskins@AVOCET.COM","149"
"277","Don","Siegel","2904 S Salina St","13205","Syracuse","NY","US","+1 315 123 4585","us","AMERICA","5000","Don.Siegel@BITTERN.COM","149"
"278","Gvtz","Bradford","3025 Sussex Ave","15226","Pittsburgh","PA","US","+1 412 123 4659","us","AMERICA","5000","Gvtz.Bradford@BULBUL.COM","149"
"279","Holly","Kurosawa","932 High St","17603","Lancaster","PA","US","+1 717 123 4679","us","AMERICA","5000","Holly.Kurosawa@CARACARA.COM","149"
"280","Rob","MacLaine","5344 Haverford Ave","19139","Philadelphia","PA","US","+1 215 123 4709","us","AMERICA","5000","Rob.MacLaine@COOT.COM","149"
"281","Don","Barkin","6959 Tulip St","19135","Philadelphia","PA","US","+1 215 123 4751","us","AMERICA","5000","Don.Barkin@CORMORANT.COM","149"
"282","Kurt","Danson","511 S Central Ave # A","21202","Baltimore","MD","US","+1 410 123 4807","us","AMERICA","5000","Kurt.Danson@COWBIRD.COM","145"
"283","Kurt","Heard","400 E Joppa Rd","21286","Baltimore","MD","US","+1 410 123 4829","us","AMERICA","5000","Kurt.Heard@CURLEW.COM","145"
"308","Glenda","Dunaway","1795 Wu Meng","21191","Muang Chonburi","","CN","+86 811 012 4093","zhs","CHINA","1200","Glenda.Dunaway@DOWITCHER.COM","148"
"309","Glenda","Bates","1796 Tsing Tao","11111","Muang Nonthaburi","","CN","+86 123 012 4095","zhs","CHINA","1200","Glenda.Bates@DIPPER.COM","148"
"323","Goetz","Falk","1810 Tucker Crt","361181","Mumbai","","IN","+91 80 012 4123","hi","INDIA","5000","Goetz.Falk@VEERY.COM","148"
"326","Hal","Olin","Walpurgisstr 69","81243","Munich","","DE","+49 89 012 4129","d","GERMANY","2400","Hal.Olin@FLICKER.COM","147"
"327","Hannah","Kanth","Sendlinger Tor 4","81696","Munich","","DE","+49 90 012 4131","d","GERMANY","2400","Hannah.Kanth@GADWALL.COM","147"
"328","Hannah","Field","Theresienstr 15","81999","Munich","","DE","+49 91 012 4133","d","GERMANY","2400","Hannah.Field@GALLINULE.COM","147"
"333","Margret","Powell","Via Frenzy 6903","361196","Roma","","IT","+39 6 012 4543","i","ITALY","1200","Margret.Powell@ANI.COM","147"
"334","Harry Mean","Taylor","1822 Ironweed St","91261","Toronto","ONT","CA","+1 416 012 4147","us","AMERICA","1200","HarryMean.Taylor@REDPOLL.COM","147"
"335","Margrit","Garner","Via Luminosa 162","361197","Firenze","","IT","+39 55 012 4547","i","ITALY","500","Margrit.Garner@STILT.COM","147"
"337","Maria","Warden","Via Notoriosa 1932 Rd","361198","Firenze","","IT","+39 55 012 4551","i","ITALY","500","Maria.Warden@TANAGER.COM","147"
"339","Marilou","Landis","Via Notoriosa 1941","361199","Firenze","","IT","+39 55 012 4555","i","ITALY","500","Marilou.Landis@TATTLER.COM","147"
"361","Marilou","Chapman","Via Notoriosa 1942","361200","Firenze","","IT","+39 55 012 4559","i","ITALY","500","Marilou.Chapman@TEAL.COM","147"
"363","Kathy","Lambert","Via Delle Grazie 11","361225","Tellaro","","IT","+39 10 012 4363","i","ITALY","2400","Kathy.Lambert@COOT.COM","147"
"360","Helmut","Capshaw","1831 No Wong","111181","Peking","","CN","+86 10 012 4165","zhs","CHINA","3600","Helmut.Capshaw@TROGON.COM","148"
"341","Keir","George","Via Dolorosa 69","361229","Tellaro","","IT","+39 10 012 4365","i","ITALY","700","Keir.George@VIREO.COM","147"
"342","Marlon","Laughton","Via Notoriosa 1943","361201","Firenze","","IT","+39 55 012 4565","i","ITALY","2400","Marlon.Laughton@CORMORANT.COM","147"
"343","Keir","Chandar","Via Luminosa 162","361231","Tellaro","","IT","+39 10 012 4367","i","ITALY","700","Keir.Chandar@WATERTHRUSH.COM","147"
"344","Marlon","Godard","2017 Convoy St","876508","Tokyo","","JP","+81 565 012 4567","ja","JAPAN","2400","Marlon.Godard@MOORHEN.COM","148"
"345","Keir","Weaver","Via Di Firenze 231","361228","Tellaro","","IT","+39 10 012 4369","i","ITALY","700","Keir.Weaver@WHIMBREL.COM","147"
"346","Marlon","Clapton","Via Notoriosa 1949","361202","Firenze","","IT","+39 55 012 4569","i","ITALY","2400","Marlon.Clapton@COWBIRD.COM","147"
"347","Kelly","Quinlan","Via Frenzy 6903","361230","Tellaro","","IT","+39 10 012 4371","i","ITALY","3600","Kelly.Quinlan@PYRRHULOXIA.COM","147"
"348","Kelly","Lange","Piazza Del Congresso 22","361219","San Giminiano","","IT","+39 49 012 4373","i","ITALY","3600","Kelly.Lange@SANDPIPER.COM","147"
"349","Ken","Glenn","Piazza Quattre Stagioni 4","361220","San Giminiano","","IT","+39 49 012 4375","i","ITALY","3600","Ken.Glenn@SAW-WHET.COM","147"
"350","Ken","Chopra","Piazza Cacchiatore 23","361218","San Giminiano","","IT","+39 49 012 4377","i","ITALY","3600","Ken.Chopra@SCAUP.COM","147"
"351","Ken","Wenders","Via Notoriosa 1932","361232","Tellaro","","IT","+39 10 012 4379","i","ITALY","3600","Ken.Wenders@REDPOLL.COM","147"
"352","Kenneth","Redford","Via Notoriosa 1949","361236","Ventimiglia","","IT","+39 10 012 4381","i","ITALY","3600","Kenneth.Redford@REDSTART.COM","147"
"378","Meg","Sen","2033 Spartacus St","","Samutprakarn","","TH","+66 76 012 4633","th","THAILAND","3700","Meg.Sen@COWBIRD.COM","149"
"380","Meryl","Holden","2034 Sabrina Rd","361182","Samutprakarn","","IN","+91 80 012 4637","hi","INDIA","3700","Meryl.Holden@DIPPER.COM","148"
"447","Richard","Coppola","Piazza Svizzera","361211","Milano","","IT","+39 2 012 4771","i","ITALY","500","Richard.Coppola@SISKIN.COM","147"
"448","Richard","Winters","Ruella Delle Spiriti","361212","Milano","","IT","+39 2 012 4773","i","ITALY","500","Richard.Winters@SNIPE.COM","147"
"449","Rick","Romero","Via Del Disegno 194","361213","Milano","","IT","+39 2 012 4775","i","ITALY","1500","Rick.Romero@LONGSPUR.COM","147"
"450","Rick","Lyon","Via Delle Capeletti 52","361214","San Giminiano","","IT","+39 49 012 4777","i","ITALY","1500","Rick.Lyon@MERGANSER.COM","147"
"451","Ridley","Hackman","Via Delle Grazie 11","361215","San Giminiano","","IT","+39 49 012 4779","i","ITALY","700","Ridley.Hackman@ANHINGA.COM","147"
"452","Ridley","Coyote","Via Delli Capelli 2","361216","San Giminiano","","IT","+39 49 012 4781","i","ITALY","700","Ridley.Coyote@ANI.COM","147"
"453","Ridley","Young","1592 Silverado St","361123","Bangalore","Kar","IN","+91 80 012 4783","hi","INDIA","700","Ridley.Young@CHUKAR.COM","148"
"454","Rob","Russell","1593 Silverado St","361112","Bangalore","Kar","IN","+91 80 012 4785","hi","INDIA","5000","Rob.Russell@VERDIN.COM","148"
"458","Robert","de Niro","1597 Legend St","","Mysore","Kar","IN","+91 80 012 4793","hi","INDIA","3700","Robert.deNiro@DOWITCHER.COM","148"
"463","Robin","Adjani","1602 Sholay St","","Chennai","Tam","IN","+91 80 012 4803","hi","INDIA","1500","Robin.Adjani@MOORHEN.COM","148"
"466","Rodolfo","Hershey","1605 Bazigar Crt","","Pune","","IN","+91 80 012 4809","hi","INDIA","5000","Rodolfo.Hershey@VIREO.COM","148"
"467","Rodolfo","Dench","1606 Sangam Blvd","361196","New Delhi","","IN","+91 11 012 4811","hi","INDIA","5000","Rodolfo.Dench@SCOTER.COM","148"
"468","Rodolfo","Altman","1607 Sangam Blvd","361114","New Delhi","","IN","+91 11 012 4813","hi","INDIA","5000","Rodolfo.Altman@SHRIKE.COM","148"
"470","Roger","Mastroianni","1609 Pakija Rd","","New Delhi","","IN","+91 11 012 4817","hi","INDIA","3700","Roger.Mastroianni@CREEPER.COM","148"
"473","Rolf","Ashby","1612 Talaivar St","","Chennai","Tam","IN","+91 80 012 4823","hi","INDIA","5000","Rolf.Ashby@WATERTHRUSH.COM","148"
"474","Romy","Sharif","1613 Victoria St","","Calcutta","","IN","+91 33 012 4825","hi","INDIA","5000","Romy.Sharif@SNIPE.COM","148"
"475","Romy","McCarthy","1614 Gitanjali Rd","361168","Calcutta","","IN","+91 33 012 4827","hi","INDIA","5000","Romy.McCarthy@STILT.COM","148"
"476","Rosanne","Hopkins","1615 Crackers Crt","361168","Chennai - India","","IN","+91 80 012 4829","hi","INDIA","300","Rosanne.Hopkins@ANI.COM","148"
"477","Rosanne","Douglas","1616 Mr. India Ln","361168","Bombay - India","Kar","IN","+91 22 012 4831","hi","INDIA","300","Rosanne.Douglas@ANHINGA.COM","148"
"478","Rosanne","Baldwin","1617 Crackers St","361168","Bangalore - India","Kar","IN","+91 80 012 4833","hi","INDIA","300","Rosanne.Baldwin@AUKLET.COM","148"
"479","Roxanne","Shepherd","1618 Villains St","361168","New Delhi - India","","IN","+91 11 012 4835","hi","INDIA","1200","Roxanne.Shepherd@DUNLIN.COM","148"
"480","Roxanne","Michalkow","1619 Bowlers Rd","361168","Chandigarh","Har","IN","+91 172 012 4837","hi","INDIA","1200","Roxanne.Michalkow@EIDER.COM","148"
"481","Roy","Hulce","1620 Sixers Crt","361168","Bombay","Kar","IN","+91 22 012 4839","hi","INDIA","5000","Roy.Hulce@SISKIN.COM","148"
"482","Roy","Dunaway","1622 Roja St","361168","Chennai","Tam","IN","+91 80 012 4841","hi","INDIA","5000","Roy.Dunaway@WHIMBREL.COM","148"
"483","Roy","Bates","1623 Hey Ram St","361168","Chennai - India","","IN","+91 80 012 4843","hi","INDIA","5000","Roy.Bates@WIGEON.COM","148"
"487","Rufus","Dvrrie","1627 Sowdagar St","361168","New Delhi","","IN","+91 11 012 4851","hi","INDIA","1900","Rufus.Dvrrie@PLOVER.COM","148"
"488","Rufus","Belushi","1628 Pataudi St","361168","New Delhi","","IN","+91 11 012 4853","hi","INDIA","1900","Rufus.Belushi@PUFFIN.COM","148"
"492","Sally","Edwards","1632 Splash St","361168","Chandigarh","Har","IN","+91 172 012 4861","hi","INDIA","2500","Sally.Edwards@TURNSTONE.COM","148"
"909","Blake","Mastroianni","1596 Commando Blvd","361126","Bangalore","Kar","IN","+91 80 012 3695","hi","INDIA","1200","Blake.Mastroianni@FLICKER.COM","148"
"911","Bo","Dickinson","1598 Legend St","361149","Bangalore","Kar","IN","+91 80 012 3699","hi","INDIA","5000","Bo.Dickinson@TANAGER.COM","148"
"912","Bo","Ashby","1599 Legend Rd","361128","Bangalore","Kar","IN","+91 80 012 3701","hi","INDIA","5000","Bo.Ashby@TATTLER.COM","148"
"913","Bob","Sharif","1600 Target Crt","361191","Bangalore","Kar","IN","+91 80 012 3703","hi","INDIA","5000","Bob.Sharif@TEAL.COM","148"
"916","Brian","Douglas","1603 Rebel St","361129","Bangalore","Kar","IN","+91 80 012 3709","hi","INDIA","500","Brian.Douglas@AVOCET.COM","148"
"917","Brian","Baldwin","1604 Volunteers Rd","361121","Bangalore","Kar","IN","+91 80 012 3711","hi","INDIA","500","Brian.Baldwin@BECARD.COM","148"
"919","Brooke","Michalkow","1606 Volunteers Blvd","361196","Bangalore","Kar","IN","+91 80 012 3715","hi","INDIA","3500","Brooke.Michalkow@GROSBEAK.COM","148"
"920","Bruce","Hulce","1607 Abwdrts St","361114","Bangalore","Kar","IN","+91 80 012 3717","hi","INDIA","3500","Bruce.Hulce@JACANA.COM","148"
"921","Bruce","Dunaway","1608 Amadeus St","361198","Bangalore","Kar","IN","+91 80 012 3719","hi","INDIA","3500","Bruce.Dunaway@JUNCO.COM","148"
"923","Bruno","Slater","1610 Betrayal Crt","361119","Bangalore","Kar","IN","+91 80 012 3723","hi","INDIA","5000","Bruno.Slater@THRASHER.COM","148"
"924","Bruno","Montand","1611 Carmen Blvd","361118","Bangalore","Kar","IN","+91 80 012 3725","hi","INDIA","5000","Bruno.Montand@TOWHEE.COM","148"
"927","Bryan","Belushi","1614 Crackers Rd","361168","Bangalore - India","Kar","IN","+91 80 012 3731","hi","INDIA","2300","Bryan.Belushi@TOWHEE.COM","148"
"928","Burt","Spielberg","1615 Crackers Crt","361168","Bangalore - India","Kar","IN","+91 80 012 3733","hi","INDIA","5000","Burt.Spielberg@TROGON.COM","148"
"929","Burt","Neeson","1616 Crackers Blvd","361168","Bangalore - India","Kar","IN","+91 80 012 3735","hi","INDIA","5000","Burt.Neeson@TURNSTONE.COM","148"
"930","Buster","Jackson","1617 Crackers St","361168","Bangalore - India","Kar","IN","+91 80 012 3737","hi","INDIA","900","Buster.Jackson@KILLDEER.COM","148"
"931","Buster","Edwards","1618 Footloose St","361168","Bangalore - India","Kar","IN","+91 80 012 3739","hi","INDIA","900","Buster.Edwards@KINGLET.COM","148"
"932","Buster","Bogart","1619 Footloose Rd","361168","Bangalore - India","Kar","IN","+91 80 012 3741","hi","INDIA","900","Buster.Bogart@KISKADEE.COM","148"
"934","C. Thomas","Nolte","1621 Gargon! Blvd","361168","Bangalore - India","Kar","IN","+91 80 012 3745","hi","INDIA","600","C.Thomas.Nolte@PHOEBE.COM","148"
"980","Daniel","Loren","1667 2010 St","61311","Batavia","IL","IN","+91 80 012 3837","hi","INDIA","200","Daniel.Loren@REDSTART.COM","148"
"981","Daniel","Gueney","1668 Chong Tao","111181","Beijing","","CN","+86 10 012 3839","zhs","CHINA","200","Daniel.Gueney@REDPOLL.COM","148"
